{
    "name": "root",
    "gauges": {
        "finishLevel.Policy.Entropy.mean": {
            "value": 3.729482650756836,
            "min": 3.650040626525879,
            "max": 3.963627815246582,
            "count": 21
        },
        "finishLevel.Policy.Entropy.sum": {
            "value": 18680.978515625,
            "min": 18172.869140625,
            "max": 19942.677734375,
            "count": 21
        },
        "finishLevel.Environment.EpisodeLength.mean": {
            "value": 96.62,
            "min": 47.09615384615385,
            "max": 115.55813953488372,
            "count": 21
        },
        "finishLevel.Environment.EpisodeLength.sum": {
            "value": 4831.0,
            "min": 4720.0,
            "max": 5170.0,
            "count": 21
        },
        "finishLevel.Step.mean": {
            "value": 104911.0,
            "min": 4969.0,
            "max": 104911.0,
            "count": 21
        },
        "finishLevel.Step.sum": {
            "value": 104911.0,
            "min": 4969.0,
            "max": 104911.0,
            "count": 21
        },
        "finishLevel.Policy.ExtrinsicValueEstimate.mean": {
            "value": -0.9057342410087585,
            "min": -1.760160207748413,
            "max": -0.5288353562355042,
            "count": 21
        },
        "finishLevel.Policy.ExtrinsicValueEstimate.sum": {
            "value": -68.83580017089844,
            "min": -177.77618408203125,
            "max": -57.92240905761719,
            "count": 21
        },
        "finishLevel.Environment.CumulativeReward.mean": {
            "value": -1.2168067308033215,
            "min": -5.289167869221238,
            "max": -1.1439817736440516,
            "count": 21
        },
        "finishLevel.Environment.CumulativeReward.sum": {
            "value": -62.05714327096939,
            "min": -544.7842905297875,
            "max": -51.59000024199486,
            "count": 21
        },
        "finishLevel.Policy.ExtrinsicReward.mean": {
            "value": -1.2168067308033215,
            "min": -5.289167869221238,
            "max": -1.1439817736440516,
            "count": 21
        },
        "finishLevel.Policy.ExtrinsicReward.sum": {
            "value": -62.05714327096939,
            "min": -544.7842905297875,
            "max": -51.59000024199486,
            "count": 21
        },
        "finishLevel.Losses.PolicyLoss.mean": {
            "value": 0.06945343209372368,
            "min": 0.05561392691015499,
            "max": 0.07758151539019309,
            "count": 21
        },
        "finishLevel.Losses.PolicyLoss.sum": {
            "value": 0.20836029628117103,
            "min": 0.11122785382030997,
            "max": 0.2182311513752211,
            "count": 21
        },
        "finishLevel.Losses.ValueLoss.mean": {
            "value": 0.003713598338840206,
            "min": 0.0009350306025150228,
            "max": 4.890686673422654,
            "count": 21
        },
        "finishLevel.Losses.ValueLoss.sum": {
            "value": 0.011140795016520618,
            "min": 0.0018700612050300456,
            "max": 9.781373346845308,
            "count": 21
        },
        "finishLevel.Policy.LearningRate.mean": {
            "value": 0.0002692587102471,
            "min": 0.0002692587102471,
            "max": 0.0002990679003107,
            "count": 21
        },
        "finishLevel.Policy.LearningRate.sum": {
            "value": 0.0008077761307413,
            "min": 0.0005416698194434,
            "max": 0.0008888229037257,
            "count": 21
        },
        "finishLevel.Policy.Epsilon.mean": {
            "value": 0.1897529,
            "min": 0.1897529,
            "max": 0.19968930000000001,
            "count": 21
        },
        "finishLevel.Policy.Epsilon.sum": {
            "value": 0.5692587,
            "min": 0.3805566,
            "max": 0.5962743,
            "count": 21
        },
        "finishLevel.Policy.Beta.mean": {
            "value": 0.00897631471,
            "min": 0.00897631471,
            "max": 0.00996896107,
            "count": 21
        },
        "finishLevel.Policy.Beta.sum": {
            "value": 0.02692894413,
            "min": 0.01805760434,
            "max": 0.02962780257,
            "count": 21
        },
        "finishLevel.IsTraining.mean": {
            "value": 1.0,
            "min": 1.0,
            "max": 1.0,
            "count": 21
        },
        "finishLevel.IsTraining.sum": {
            "value": 1.0,
            "min": 1.0,
            "max": 1.0,
            "count": 21
        }
    },
    "metadata": {
        "timer_format_version": "0.1.0",
        "start_time_seconds": "1657416646",
        "python_version": "3.6.13 |Anaconda, Inc.| (default, Jun  4 2021, 14:25:59) \n[GCC 7.5.0]",
        "command_line_arguments": "/home/mihai/miniconda3/envs/pythonProject/bin/mlagents-learn platformerConfig.yaml --run-id Platformer_04_test --force",
        "mlagents_version": "0.28.0",
        "mlagents_envs_version": "0.28.0",
        "communication_protocol_version": "1.5.0",
        "pytorch_version": "1.8.1+cu102",
        "numpy_version": "1.19.2",
        "end_time_seconds": "1657417954"
    },
    "total": 1308.5061441790003,
    "count": 1,
    "self": 0.00946868800019729,
    "children": {
        "run_training.setup": {
            "total": 0.02586904199961282,
            "count": 1,
            "self": 0.02586904199961282
        },
        "TrainerController.start_learning": {
            "total": 1308.4708064490005,
            "count": 1,
            "self": 4.0031893032137305,
            "children": {
                "TrainerController._reset_env": {
                    "total": 7.014840327001366,
                    "count": 1,
                    "self": 7.014840327001366
                },
                "TrainerController.advance": {
                    "total": 1297.1904584517852,
                    "count": 109503,
                    "self": 1.9702676459546637,
                    "children": {
                        "env_step": {
                            "total": 1295.2201908058305,
                            "count": 109503,
                            "self": 912.7374927399433,
                            "children": {
                                "SubprocessEnvManager._take_step": {
                                    "total": 380.5093577148891,
                                    "count": 109503,
                                    "self": 9.929473490115925,
                                    "children": {
                                        "TorchPolicy.evaluate": {
                                            "total": 370.5798842247732,
                                            "count": 108483,
                                            "self": 59.37488874567316,
                                            "children": {
                                                "TorchPolicy.sample_actions": {
                                                    "total": 311.20499547910003,
                                                    "count": 108483,
                                                    "self": 311.20499547910003
                                                }
                                            }
                                        }
                                    }
                                },
                                "workers": {
                                    "total": 1.9733403509981144,
                                    "count": 109502,
                                    "self": 0.0,
                                    "children": {
                                        "worker_root": {
                                            "total": 1302.7121505700597,
                                            "count": 109502,
                                            "is_parallel": true,