{
    "name": "root",
    "gauges": {
        "finishLevel.Policy.Entropy.mean": {
            "value": 3.9746792316436768,
            "min": 3.9746792316436768,
            "max": 3.9746792316436768,
            "count": 1
        },
        "finishLevel.Policy.Entropy.sum": {
            "value": 21900.482421875,
            "min": 21900.482421875,
            "max": 21900.482421875,
            "count": 1
        },
        "finishLevel.Environment.EpisodeLength.mean": {
            "value": 23.148837209302325,
            "min": 23.148837209302325,
            "max": 23.148837209302325,
            "count": 1
        },
        "finishLevel.Environment.EpisodeLength.sum": {
            "value": 4977.0,
            "min": 4977.0,
            "max": 4977.0,
            "count": 1
        },
        "finishLevel.Step.mean": {
            "value": 4999.0,
            "min": 4999.0,
            "max": 4999.0,
            "count": 1
        },
        "finishLevel.Step.sum": {
            "value": 4999.0,
            "min": 4999.0,
            "max": 4999.0,
            "count": 1
        },
        "finishLevel.Policy.ExtrinsicValueEstimate.mean": {
            "value": -0.279360294342041,
            "min": -0.279360294342041,
            "max": -0.279360294342041,
            "count": 1
        },
        "finishLevel.Policy.ExtrinsicValueEstimate.sum": {
            "value": -61.459266662597656,
            "min": -61.459266662597656,
            "max": -61.459266662597656,
            "count": 1
        },
        "finishLevel.Environment.CumulativeReward.mean": {
            "value": -1.0471800928714716,
            "min": -1.0471800928714716,
            "max": -1.0471800928714716,
            "count": 1
        },
        "finishLevel.Environment.CumulativeReward.sum": {
            "value": -220.9549995958805,
            "min": -220.9549995958805,
            "max": -220.9549995958805,
            "count": 1
        },
        "finishLevel.Policy.ExtrinsicReward.mean": {
            "value": -1.0471800928714716,
            "min": -1.0471800928714716,
            "max": -1.0471800928714716,
            "count": 1
        },
        "finishLevel.Policy.ExtrinsicReward.sum": {
            "value": -220.9549995958805,
            "min": -220.9549995958805,
            "max": -220.9549995958805,
            "count": 1
        },
        "finishLevel.Losses.PolicyLoss.mean": {
            "value": 0.05526243053706518,
            "min": 0.05526243053706518,
            "max": 0.05526243053706518,
            "count": 1
        },
        "finishLevel.Losses.PolicyLoss.sum": {
            "value": 0.11052486107413036,
            "min": 0.11052486107413036,
            "max": 0.11052486107413036,
            "count": 1
        },
        "finishLevel.Losses.ValueLoss.mean": {
            "value": 0.11592471004262858,
            "min": 0.11592471004262858,
            "max": 0.11592471004262858,
            "count": 1
        },
        "finishLevel.Losses.ValueLoss.sum": {
            "value": 0.23184942008525716,
            "min": 0.23184942008525716,
            "max": 0.23184942008525716,
            "count": 1
        },
        "finishLevel.Policy.LearningRate.mean": {
            "value": 0.00029900790033069997,
            "min": 0.00029900790033069997,
            "max": 0.00029900790033069997,
            "count": 1
        },
        "finishLevel.Policy.LearningRate.sum": {
            "value": 0.0005980158006613999,
            "min": 0.0005980158006613999,
            "max": 0.0005980158006613999,
            "count": 1
        },
        "finishLevel.Policy.Epsilon.mean": {
            "value": 0.1996693,
            "min": 0.1996693,
            "max": 0.1996693,
            "count": 1
        },
        "finishLevel.Policy.Epsilon.sum": {
            "value": 0.3993386,
            "min": 0.3993386,
            "max": 0.3993386,
            "count": 1
        },
        "finishLevel.Policy.Beta.mean": {
            "value": 0.009966963070000001,
            "min": 0.009966963070000001,
            "max": 0.009966963070000001,
            "count": 1
        },
        "finishLevel.Policy.Beta.sum": {
            "value": 0.019933926140000002,
            "min": 0.019933926140000002,
            "max": 0.019933926140000002,
            "count": 1
        },
        "finishLevel.IsTraining.mean": {
            "value": 1.0,
            "min": 1.0,
            "max": 1.0,
            "count": 1
        },
        "finishLevel.IsTraining.sum": {
            "value": 1.0,
            "min": 1.0,
            "max": 1.0,
            "count": 1
        }
    },
    "metadata": {
        "timer_format_version": "0.1.0",
        "start_time_seconds": "1657320743",
        "python_version": "3.6.13 |Anaconda, Inc.| (default, Jun  4 2021, 14:25:59) \n[GCC 7.5.0]",
        "command_line_arguments": "/home/mihai/miniconda3/envs/pythonProject/bin/mlagents-learn platformerConfig.yaml --run-id Platformer_01_test --force",
        "mlagents_version": "0.28.0",
        "mlagents_envs_version": "0.28.0",
        "communication_protocol_version": "1.5.0",
        "pytorch_version": "1.8.1+cu102",
        "numpy_version": "1.19.2",
        "end_time_seconds": "1657320781"
    },
    "total": 37.348915386000044,
    "count": 1,
    "self": 0.0077211600000737235,
    "children": {
        "run_training.setup": {
            "total": 0.015853203000006033,
            "count": 1,
            "self": 0.015853203000006033
        },
        "TrainerController.start_learning": {
            "total": 37.325341022999964,
            "count": 1,
            "self": 0.03689874400060944,
            "children": {
                "TrainerController._reset_env": {
                    "total": 6.537043344999802,
                    "count": 1,
                    "self": 6.537043344999802
                },
                "TrainerController.advance": {
                    "total": 30.450486185000045,
                    "count": 826,
                    "self": 0.017317652999281563,
                    "children": {
                        "env_step": {
                            "total": 30.433168532000764,
                            "count": 826,
                            "self": 27.0821842010032,
                            "children": {
                                "SubprocessEnvManager._take_step": {
                                    "total": 3.3358180770001127,
                                    "count": 826,
                                    "self": 0.0754266239973731,
                                    "children": {
                                        "TorchPolicy.evaluate": {
                                            "total": 3.2603914530027396,
                                            "count": 664,
                                            "self": 0.5094226070077639,
                                            "children": {
                                                "TorchPolicy.sample_actions": {
                                                    "total": 2.7509688459949757,
                                                    "count": 664,
                                                    "self": 2.7509688459949757
                                                }
                                            }
                                        }
                                    }
                                },
                                "workers": {
                                    "total": 0.01516625399744953,
                                    "count": 825,
                                    "self": 0.0,
                                    "children": {
                                        "worker_root": {
                                            "total": 33.55005267500019,
                                            "count": 825,